,Name,Decade,Requested,Requested,Requested,Requested
,Total,span,sum,max,mean,std
Musician,,,,,,
Bob Dylan,3,60-70,632,297,210.66666666666666,78.67867140040771
David Bowie,6,60-90,991,194,165.16666666666666,32.04632064163789
Led Zeppelin,11,60-70,2583,435,234.8181818181818,124.6072374959161
